mid,uid,content,time
5130727471450874,5579823481,"婚后发现自己不想生孩子怎么办？
#年轻人恐婚恐育的真正原因是什么#",02月05日 16:30
5130626539194705,5028050167,"恐惧结婚
#年轻人恐婚恐育的真正原因是什么#",02月05日 09:49
5093799912803980,1724126567,"心情不太好，写写关于恐育的一些想法。
有人爱生那就多生，但不要劝生催生。
不要把个人意志强加于别人，尊重理解祝福。
#年轻人恐婚恐育的真正原因是什么#",2024年10月26日 18:53
5090609318073100,5895897584,"我怎么会接受两代人掌心向上的日子
#年轻人恐婚恐育的真正原因是什么#",2024年10月17日 23:35
5066170280184306,7648209024,"坐在亲戚孩子的满月宴上，同桌的叔叔喝的酒气熏天。孩子抱来了，他左抱右抱，好像很喜欢。
妈妈回头跟我说，“小孩子可爱吧？”。可我看着对面，满脑子想着：他抱的这样不稳，摔下来怎么办？喝过酒怎么可以亲在小孩的脸上！
“生命”真的是看似轻飘飘的两个字。
#年轻人恐婚恐育的真正原因是什么#",2024年08月11日 13:03
5048741024762773,5518581583,"如果你：
☑️想成为父母，又怕成为父母
☑️怕当不好父母，又怕失去了自己
☑️鸡娃卷孩子，怕让孩子失去了诗和远方
☑️让孩子躺平，又怕让TA失去了选择权
快来参加Karan的1v1免费用户访谈，我们一起温柔注视生命，寻找教育的旷野，成为更坚定的自己～～
招募详情见海报⬇️
#新手父母#
#年轻人恐婚恐育的真正原因是什么#
#树洞#
#家庭教育#",2024年06月24日 10:45
5021372265535121,7329247760,"#年轻人恐婚恐育的真正原因是什么#

楼下小宝宝力气好大 喜欢我家修勾直接抱走
不过她一闹是真难哄 感恩我爸妈给我养长大",2024年04月09日 22:11
5021312336269178,2203732124,"I hate kids😠
×3000000000
#熊孩子有多令人讨厌#
#熊孩子#
#年轻人恐婚恐育的真正原因是什么#

2
澳大利亚·Melbourne International Airport

L
野生小叽薇的微博视频",2024年04月09日 18:13
5013041773023158,5705737694,"人为什么要结婚生孩子？
答：每个人都有她应得的报应。
#年轻人恐婚恐育的真正原因是什么#",2024年03月17日 22:29
5004680890156367,6031889829,"这人啊…
真的要结婚吗？
真的要向现实妥协吗？
真的要过自己不想过的生活吗？
#年轻人恐婚恐育的真正原因是什么#",2024年02月23日 20:46
4983719330318876,5910969387,"#年轻人恐婚恐育的真正原因是什么#
这个因人而异因男女而异吧，不要再老说是什么房价物价经济原因了，虽然那是主流，但是有很多女性是恐孕的。
最近我被家人疯狂催婚，本质是催生孩子，长辈老封建思想人必须要有后代，有了孩子再离婚都可以，可我是真的恐婚恐育，怀孕生孩子喂奶的过程能让我怕到半夜吓醒，如果女性能进化出一种机制，就是那种如果自身恐孕或者不是发自内心想要孩子就怀不了孕的机制就好了，只有真心接纳孩子想要孩子的人才能成为母亲，这样也不会有那么多不负责任或产后抑郁的妈妈了，也只有这才是女性真正掌握生育权，只要不是你真的想生的谁也左右不了你。
但是如果这样是不是生育率又更低了呢，我不信天下所有的母亲生孩子完全都是为了自己而生的。
催催催的窒息，恨自己是女的，不敢想象自己如果是男生，我该有多开朗。
胡言乱语一堆，精神状态不佳很久了，不知道还能撑多久，再这样下去，感觉不是死就是疯",2023年12月28日 00:32
4967386307887526,3249775502,"第二趴 哺乳真的比生娃痛！
Day1亲喂刺激，Day2就出了血泡，
Day3直接皲裂了，每次都像上刑一样的撕心裂肺，浑身冷汗，面目狰狞，涕泪横流。并且这种刑罚三小时一次，不分昼夜，不能躲避拒绝。
Day4-5 直接撕掉了一层皮，在最嫩的地方，血肉模糊…生理性涨奶，胸水肿痛成石头，淋巴也肿了。吸奶器、乳盾、止疼片统统用上。每次上面疼，下面肚子宫缩更疼，程度相当于开三指。精神已经崩溃，但贼船已上，不能回头…
Day6-7 长出新生的肉，依然剧烈的疼痛，但逐渐可控…
在过去这7天里，我每天蓬头垢面，衣不避体。因为要抓紧一切零碎时间补觉。伤口不能碰衣服，还要涂厚厚的药膏。
朋友圈简单一句报喜只是结果，过程就是这些能说不能说的疼痛和潦草。
我还是幸运的，队友给力，还有专业的月子中心以及医疗支持，几乎可以不用担心任何事。但这个就是生育真正的内容和过程。
至此，万里长征刚刚开拔…
#当代青年有多恐婚恐育#
#年轻人恐婚恐育的真正原因是什么#
#哺乳#
#哺乳期堵奶#",2023年11月12日 22:50
4950258393026557,6657263155,"有个小男孩不听话 我假装给他家长发微信 然后他叫我别发 我就随口问道 你家里还有个妹妹啊 他说你怎么知道 我说你爸爸的头像是你和你妹妹的照片 他说那是因为妈妈和爸爸吵架了 我问他爸爸妈妈为什么吵架 他说因为爸爸给他的女同事吃东西被妈妈发现了 我突然觉得很可笑 一个女生为一个男生生两个小孩之后 还要经历这些正常男人本就应该做到的事情
#教育#
#女权不是女性至上,是人权平等#
#年轻人恐婚恐育的真正原因是什么#",2023年09月26日 16:30
4949290142662868,3589740373,"#年轻人恐婚恐育的真正原因是什么#
这次是因为不小心摔了小猫咪而就该被骂，爹味说教着实可笑，远离婚姻",2023年09月24日 00:23
4938040121760170,6571579403,"今天听到一个噩耗，我叔叔（我爸的亲弟弟）突然吐血进了医院，医院诊断是肝硬化加食道破裂，已经下了病危通知书，叔叔没交医保，自己也没什么钱，只能向我爸妈借，这么多年来我爸妈借给他的钱不计其数，包括他老婆去医院生孩子，还的确微乎其微，这一次我妈妈很生气，说什么也不准我爸再借钱给他，但是我知道，我妈只是刀子嘴，最终她还是会给的，毕竟已经危急到生命了，只是没有医保，巨额的医疗费用我们又能撑几天呢。我现在还没结婚，没生小孩，还没到下有小的时候，我都已经觉得压力很大了，虽然很不喜欢现在的工作，但也不敢随意辞职，真的不敢想象，到了中年危机，上有老下有小的时候，是怎样一番光景，我是一个很自私的人，实在不想背负太多的压力过一辈子，我想我以后都不会结婚生小孩了。
#年轻人恐婚恐育的真正原因是什么#",2023年08月23日 23:19
4936073732689665,6079800976,"恐婚恐育🙏
#当代青年有多恐婚恐育#
#年轻人恐婚恐育的真正原因是什么#",2023年08月18日 13:05
4935498596616834,7759009891,"#年轻人恐婚恐育的真正原因是什么#
不是不需要伴侣，也不是不想要伴侣，
而是想找到一位可以相互理解、相互关心、相互扶持的伴侣，一起度过人生的长路。
如果走着走着，出现了难以弥合的裂痕，也可以和平分手。
绝不想撞大运一样地无法把握自己的人生，绝不想给自己找个奴隶主。
而已。",2023年08月16日 23:00
4931757445222334,2165951311,"刷到这个话题和评论，女生真的好难啊
#年轻人恐婚恐育的真正原因是什么#

一个随时都能让我滚出的房子，一个除了自己对谁都和颜悦色的男人，一对没有血缘关系的父母，一个用前程和健康换来的孩子，一个离了我就有人来代替我位置的家。",2023年08月06日 15:14
4930015387194166,2683754043,"人间渣滓，这种败类就是社会隐患，中国什么时候才能有人性地对待动物！太痛心了。 我不想让我的孩子生活在这样的社会
#年轻人恐婚恐育的真正原因是什么#",2023年08月01日 19:52
4927111980911652,5091784159,"年龄比自己小的妹妹要订婚了
我甚至能想到自己每次回家会被催婚的场面
我应该要少回家了吧
我不知道自己到底想要什么
从小到大 一直都是个乖孩子 懂事的孩子
这样的词真的是好词吗
从来都是我理解别人 可是谁会来理解我呢
如果我向家人说了这句话 也只会遭到一句反驳
“这点事都承受不住 一点抗压能力都没有”
所以我选择不说
从小开始立志要好好学习
努力混了个研究生毕业
工作了也是打工 其实和当初一起上学时成绩没那么出色的同学相比 也没什么差别
现在这个时代 读书的人多了起来 不像当初只要肯读书就能得到更高的人生阶层来
所以最终还是被一句“你看看人家家的孩子”打败
倘若你觉得我不如任何人
又何必让我来到这个世间呢
望女成凤 多难啊 为什么把压力给到我身上
如果在我出生之前知道自己的成长处境
那我应该不会选择这样吧
我说出这样的话 又会被说不孝了吧
难道我的人生就只能是“读书 工作 结婚 生死 死亡” 这样的流程吗
#人生#

我好迷茫啊
现在的人生被工作填满了 甚至空下时间来以后我都不知道自己应该干点什么
关于婚姻  在我所见的婚姻里 充满了吵架 矛盾 付出 不满  我不想自己以后要过这样的生活
我甚至不想为任何人付出我的时间 精力和生命
有时怀疑自己是不是太自私了
也许是这样的
我不配成为任何一个人的伴侣
我只能付出那些对我来说不重要的东西
#年轻人恐婚恐育的真正原因是什么#",2023年07月24日 19:35
4926700120708509,6311937494,"#年轻人恐婚恐育的真正原因是什么#
让人恐婚的理由，绝对不会只有一个！",2023年07月23日 16:18
4925884785758676,2525795955,"#年轻人恐婚恐育的真正原因是什么#
//
@马库斯说
://
@ReyKjaviK一
:昨天长沙那个自己出轨，把妻子杀了，今天怀疑妻子出轨也杀妻子……",2023年07月21日 10:18
4925227321266862,6408764850,"恐婚 恐育
真的佩服那些怀孕生子做妈妈的人
#产后会阴裂伤真的像那个芒果吗#
#年轻人恐婚恐育的真正原因是什么#",2023年07月19日 14:46
4925199977288623,7498479893,"#产后会阴裂伤真的像那个芒果吗#
如果和宝妈姐妹讨论生育问题时，现场有年长于我的男性时，多数会得到一句：
“你别吓唬许多钱了！到时候她都不敢生了～”
又是一句“为你好”，隐藏真实情况，不许了解生产前中后的真实感受、闭眼进产房、签字权给老公，就会让未育女性大胆张开双腿拥抱仔仔了吗？
#年轻人恐婚恐育的真正原因是什么#",2023年07月19日 12:57
4923192228185582,7464797491,"注明：前不久一直刷到那些极端社会新闻
#年轻人恐婚恐育的真正原因是什么#

这些天一直在看一个综艺，所以脑袋里面萌生出了什么找男朋友、结婚、生小孩的想法。
然而就在刚刚，已经渐入梦乡的我脑袋里突然浮现出什么🔪人事件—什么丈夫持🔪鲨妻儿（是的没错，那个妻子是我）、陌生男子持🔪入室鲨人、大街上突然被陌生人暗鲨……真的吓得我早已闭上的眼睛拼了命的张开，入眼的是衣柜里一件长装，给我吓得半死。九敏啊，我是不是有被害妄想症了！又恐婚了……
#易烊千玺#
北哥快来保护我",2023年07月13日 23:59
4923133641106583,5245701408,"原生家庭的不幸福 需要我用一生来治愈
#年轻人恐婚恐育的真正原因是什么#",2023年07月13日 20:06
4923087374780071,1677706634,"结婚8年2娃，说点真话给恐婚恐育的女孩们…
首先婚姻，不是人人适合，也是不必须人人都要结婚的，
所以一定不要勉强自己。
如果你认可婚姻，还是想结婚，只是由于种种原因有点害怕结婚的话，这篇笔记可以继续往下看了。
我希望女孩们建立自己独立的价值观和判断，不拿别人的事情来做人生的参考！人各有路！少看毒鸡汤！
别人是在玩梗，你就当真了
我是26岁结婚，在结婚前我也很长时间充满了焦虑，会不由自主的放大两人生活中的摩擦，印象最深的就是因为老公下班后，跟哥们吃宵夜到凌晨2、3点，我也会在车上哭着打电话给闺蜜，说这婚没办法结，
那段时间就是想想结婚就心里压了块石头，难受！！
现在回想起来，特别理解，其实很多女生恐婚，是很多细节并没有互相聊透聊清楚，莫名其妙，稀里糊涂的被家长推着走，被结婚流程推着走（拍照、订酒席、扯证）。
昨天，跟我28岁的妹妹聊了一通宵，关于什么时候考虑跟男朋友进去婚姻的话题。
第一，关于经济条件，在婚前一定要敢谈物质条件。
首先请大家跟我默念三遍：婚前谈钱不是捞女！
很多女生都知道房、车和钱等物质条件很重要，但是不敢主动去谈。但是你们要知道，所有谈钱伤感情的关系都不是好关系，说明彼此的价值交换不等价，还不合适结婚。具体谈什么？
1.是否有房、没房的话打算什么时候买车买房，预算多少，谁来买？一起买的话比例怎么划分，最后怎么还贷？
2.关于彩礼和嫁妆，你们当地有什么习俗或父母的想法，是给老人养老还是作为新家的启动资金？
3.我们怎么分担家庭的支出，有哪些是固定支出？
4.我们婚礼在哪里办，办几场，费用怎么分担？
5.之后家里花什么钱需要共同商量，花什么钱不希望对方过度干涉？
第二，关于双方的人际关系。
结婚不比谈恋爱，不只是两个人的资源整合，还是两个家族的资源整合，如果双方阵营的利益谈不拢，说明还不适合结婚。
具体谈什么？
1.婚后是跟父母住还是独立小家庭？如果一定要合住，是长住还是短住？
2.双方父母甚至家族，对我们这桩婚事有什么想法？
3.婚后过年过节，去谁家拜访？还是各回各家？
第三，沟通家庭整体的分工合作。
结婚后两口子就是一个整体，要学会各取所长的提效降本，避免内耗。
如果两人在一起财力、精力都严重内耗，说明不适合结婚。具体谈什么？
1.家里大事小事分别谁说了算？
2.谁主外，谁主内，家务活怎么分担？
第四，提前沟通未来家庭的一些不确定风险并制定预案，免得发生问题时候因为猝不及防而发生不可调和的矛盾。
具体谈双方如何看待和处理不确定性所带来的风险。比如其中一个人失去失业了，怎么办？其中一个人工作地方临时调动，怎么办？如果我在拼事业，你是否愿意牺牲自己去支持我？
#婚姻#
#年轻人恐婚恐育的真正原因是什么#
#人生感悟#
#恋爱#
#恋爱#
#喜欢#
#致自己#
#家庭#
#自由#
#浪漫#",2023年07月13日 17:02
4922837478147828,5393305262,"求你别说了✋
#催婚#
#年轻人恐婚恐育的真正原因是什么#",2023年07月13日 00:29
4922822289263424,1061495920,"#年轻人恐婚恐育的真正原因是什么#
#恐婚#
中国年轻人恐婚现象日益突出，并引起国际舆论关注。
中国的结婚人数已连续九年下降，在不到10年的时间里已减少了一半。据政府上个月发布的数据，去年约有680万对夫妇登记结婚，是自1986年有记录以来的最低水平，远低于2013年的1350万对。
尽管2023年的登记结婚人数与上年相比有所增加，但离婚人数也在增加。今年第一季度，结婚人数比去年同期增加了4万对，离婚人数则增加了12.7万对。
随着城市女性的经济独立能力和受教育水平达到新高，对她们来说，婚姻从经济角度来看不再是必需的。男性说他们负担不起结婚的费用，他们指出，文化压力迫使他们在开始约会之前就必须拥有房屋和汽车。
过去三年的疫情加剧了这些压力，影响了许多年轻人对建立家庭的预期。
评论者指出，中国有关离婚和家庭暴力的法律有待完善，进一步加强对女性的保护。
分析显示，年龄在25到29岁的中国城市女性中，从未结过婚的比例已从2000年的8.6%上升到2020年的40.6%。
许多男性说，他们推迟婚姻是因为缺乏经济安全感。在政府实行独生子女政策（该政策已于2016年结束）的年代里，由于重男轻女现象严重，导致男性人口比女性人口多出了约3500万，加剧了婚姻的经济竞争感。",2023年07月12日 23:29
4921904680405650,5988712153,"#年轻人恐婚恐育的真正原因是什么#
真实的农村，现在农村女的找老公需要 一动不动，车和房➕彩礼18.8+两甩，不管父母而且父母得有养老金，房子车子无贷款，你会问为什么，我来告诉你，贷款买房娶老婆，在乡镇那里的小媳妇干服装厂，每年死十几个，怎么死的，我说是累死的，因为流水线，不喝水不尿尿，住了院就是尿毒症，得病了，住院了，死掉了，就结束了，心里也就松了一口气了，这个时代，没有钱，就得用命拼，不结婚就是保命保平安。",2023年07月10日 10:43
4920972434475694,3121548410,"#年轻人恐婚恐育的真正原因是什么#

又是恐婚恐育的一天
怕遇到没有担当的 妈宝男的 家暴男 冷暴力 精神/身体出轨的 长不大的 丧偶式婚姻的...
总有各种各样的问题 且不说教育教学，房子车子的消费。大部分的恐惧的在意的已经不是金钱方面的东西了。
希望我们首先是身体健康，其次是精神健康。
比起金钱物质的生活，我更希望能拥有精神物质。
伴侣提供稳定的情绪价值，两个人一起努力。
但是这个时代，真的很难很难遇到。",2023年07月07日 20:58
4920488746288085,5586826163,"恐婚女性到底在害怕什么？今晚8点直播，欢迎观看！

婚姻超话
#婚姻感情#
#恐婚#
#年轻人恐婚恐育的真正原因是什么#
#恐婚的年轻人究竟在怕什么#

2
北京·北京师范大学",2023年07月06日 12:56
4919367668601114,5285779666,"我的除了恐婚恐育外没有别的讨论话题的群聊们
#年轻人恐婚恐育的真正原因是什么#
#恐婚#
#哪一瞬间开始恐婚了#
#当代青年有多恐婚恐育#",2023年07月03日 10:41
4919351931572555,5666929142,"#为什么许多年轻人不想结婚#
民政部最近公布的数据，2022年，中国结婚登记683.3万对，较上一年减少80.3万对，这是民政部自1986年开始公布结婚登记数据以来的历史新低。如同一条抛物线，自2013年达到1346.93万对的顶峰后，中国结婚登记量连续9年下降，终于在2022年跌破700万对。你认为
#年轻人恐婚恐育的真正原因是什么#
？
为什么年轻人结婚意愿降低了？👀",2023年07月03日 09:39
4918803945232260,1663103970,"年轻人为啥都不结婚啊？
#年轻人恐婚恐育的真正原因是什么#

L
闪送员陈师傅陈涛的微博视频",2023年07月01日 21:21
4918360570070054,6246789392,"消失的她引恐婚危机，夫妻互害何其多？注意这一点，让你远离危机
#电影消失的她#

#年轻人恐婚恐育的真正原因是什么#

@微博视频

L
照理说事的微博视频",2023年06月30日 16:00
4918251697997250,7488529973,"#年轻人恐婚恐育的真正原因是什么#
我目前是一个孩子，我觉得我过得不苦但很难受，我不认为我的下一代会过得比我好，或是说我不敢保证我会有下一代。
我不敢用一场婚姻豪赌我的半辈子，见过太多纠纷和争吵，不止在新闻，也在我的身边",2023年06月30日 08:47
4918053081715959,6071913949,"#年轻人恐婚恐育的真正原因是什么#
单纯地因为出轨没有代价

房子我自己买，车我自己买，不需要高额彩礼，长得帅我还可以倒贴，但我没有信心找到一个不会出轨的男人。",2023年06月29日 19:38
4918021792204542,7330191769,"#年轻人恐婚恐育的真正原因是什么#

#电影消失的她#

#朱一龙消失的她#


朱一龙超话

#倪妮电影消失的她#
夫妻先后将对方送进精神病院：强行扎针、灌药、绑在床上，究竟谁有病？
发布了头条文章：《夫妻互相送对方进精神病院！现实版《消失的她》，最惊悚的是人心》
@搜狐财经

O
夫妻互相送对方进精神病院！现实版《消失的她》，最惊悚的是人心",2023年06月29日 17:33
4917984424362476,7726223039,#年轻人恐婚恐育的真正原因是什么#,2023年06月29日 15:05
4917902510132595,7831033111,"#年轻人恐婚恐育的真正原因是什么#
根本原因就是
1   原配妻子，没有基本保障
2  离婚了，有离婚冷静期
3   如果在婚姻期间，男方出轨，私生子，有继承权（同理，如果男方有问题，原配妻子，孩子会受影响，而，小三的孩子，不会受影响）
4  离婚了，原配妻子甚至分不到到任何钱，而小三的婚姻孩子都有，财产唾手可得
5 复杂的婆媳关系，也是一大难题。",2023年06月29日 09:39
4917606059870399,7442137948,"#年轻人恐婚恐育的真正原因是什么#
//
@无杏玉
:又双叒叕发生了杀妻案，从杭州分尸案，到泰国孕妇坠崖案，以及老婆孩子在天堂。和最近的被虐打终身挂粪袋女子。真的不得不恐婚，我的命就一条，喜欢擦亮眼的祝你真的能擦亮眼，我惜命，我退了",2023年06月28日 14:01
4917543536168663,5339538657,"
法律超话
已婚妇女要记住这三个电话：
1.如果你在经济上有困难，请不起律师，可以拨打12348寻求法律援助。
2.如果你在婚姻中受到伤害，可以打12338，寻求有关部门帮助。
3.如果你遇到了家暴，及时拨打110，并且保管好报警和接警的回执，配合好警察做笔录，这将成为你日后和对方离婚的有力证据。
via律师张大姐  感谢分享[锦鲤附体]
网友讨论~
#年轻人恐婚恐育的真正原因是什么#
，无论如何相关法律知识马住
#黄检普法#
@黄龙检察
传播法治人人学法

L
黄龙检察的微博视频",2023年06月28日 09:53
4917424128001839,6870740155,"父母不稳定的情绪，会深深影响下一代，然后形成恶性循环。所以为了不祸害下一代，不生积福
#年轻人恐婚恐育的真正原因是什么#",2023年06月28日 01:58
4917420257706356,1794219940,"#年轻人恐婚恐育的真正原因是什么#
当然是不想死啊！还有为什么",2023年06月28日 01:43
4917404533260519,7322299431,"……
#年轻人恐婚恐育的真正原因是什么#",2023年06月28日 00:41
4917368764236620,7503402836,"#年轻人恐婚恐育的真正原因是什么#
与我而言，我不恐婚。
若是有机会可以遇到对的人，我也希望可以和那个人度过余生。
但我恐育。
不只是因为养孩子的成本，还有我不确定我是否能够教养好一个孩子从小到大，让他/她成为对社会有贡献的人，让他/她的成长路上没有遗憾。",2023年06月27日 22:18
4917323045540483,5105877750,"#年轻人恐婚恐育的真正原因是什么#
婚姻和生育本身就是个人选择的问题，是很私人的事情，并非是人生的必选项。因为某篇新闻某部电影或社会舆论道听途说、产生被害妄想是很没有必要的事情，个体事件无法代表整体。爱情既不是玄学也不是缘分，爱情是一种科学信仰！马克思说过实践是检验真理的唯一标准，只有用开放、科学、实践的态度去对待两性关系、对待爱情和婚姻，才能实现自我突破，收获幸福人生。",2023年06月27日 19:17
4917225713309600,5617563098,"#年轻人恐婚恐育的真正原因是什么#
我看看谁还想结婚？
@水里兑酒",2023年06月27日 12:50
4917189432056201,1680071747,"你问我为什么不结婚？
我害怕男人出轨说谎
我害怕丧偶式带娃
我害怕男人不挣钱
我需要养孩子和男人
我更怕冷暴力分手和断崖式分手
我害怕男人吵架骂我打我
所以我至今不敢结婚生子
谁不想有个家有老公孩子？
但是我的恋爱经历至今让我恐婚恐育
妈妈说没事儿提前经历了这些
以后就不会了，希望吧
#为什么独生子女一定要结婚#
#为什么许多年轻人不想结婚#
#年轻人恐婚恐育的真正原因是什么#",2023年06月27日 10:26
4916995236039623,3087934690,"#年轻人恐婚恐育的真正原因是什么#
性价比低，还容易，爬山，看海底星空",2023年06月26日 21:34
4916993285953095,7202951666,"已婚妇女要记住这三个电话：
1.如果你在经济上有困难，请不起律师，可以拨打12348寻求法律援助。
2.如果你在婚姻中受到伤害，可以打12338，寻求有关部门帮助。
3.如果你遇到了家暴，及时拨打110，并且保管好报警和接警的回执，配合好警察做笔录，这将成为你日后和对方离婚的有力证据。
via律师张大姐
@法治四川
感谢分享[锦鲤附体]

网友讨论~
#年轻人恐婚恐育的真正原因是什么#
，无论如何相关法律知识马住


法姐讲法超话
#法姐讲法#

L
法治四川的微博视频",2023年06月26日 21:26
4916993243484402,5384801243,"已婚妇女要记住这三个电话：
1.如果你在经济上有困难，请不起律师，可以拨打12348寻求法律援助。
2.如果你在婚姻中受到伤害，可以打12338，寻求有关部门帮助。
3.如果你遇到了家暴，及时拨打110，并且保管好报警和接警的回执，配合好警察做笔录，这将成为你日后和对方离婚的有力证据。
via律师张大姐
@法治四川
感谢分享[锦鲤附体]

网友讨论~
#年轻人恐婚恐育的真正原因是什么#
，无论如何相关法律知识马住


法姐讲法超话
#法姐讲法#

L
法治四川的微博视频",2023年06月26日 21:26
4916984687107790,6586249048,"#年轻人恐婚恐育的真正原因是什么#
你没事吧你没事吧，“君子于其所不知盖阙如也”，不了解年轻人可以不发言，自己高高在上享受社会资源福利怎么会理解普通百姓的艰苦，这边建议闭麦。。。",2023年06月26日 20:52
4916970589783021,5461398144,"#年轻人恐婚恐育的真正原因是什么#
让你恐婚恐育的原因估计是见过太多，听过太多，加上自己的父母婚姻状态也是太理想，所以觉得大可不必吧！",2023年06月26日 19:56
4916966207002362,2632958050,"#年轻人恐婚恐育的真正原因是什么#
刚刷到的， 原来这就是年轻人恐婚恐育的根本原因。到底都是谁在制定这些条例啊",2023年06月26日 19:39
4916924147046289,3321890662,"#年轻人恐婚恐育的真正原因是什么#
希望208w们不要再输出你们那些狗屁观点了，没人想听谢谢。",2023年06月26日 16:52
4916912150024826,6055335459,"#年轻人恐婚恐育的真正原因是什么#
这边建议袁弘和张歆艺多生几个孩子，国家生育率靠娱乐圈拯救，反正他们来钱容易不说十个八个，四五个肯定没问题加油哦！",2023年06月26日 16:04
4916906211675048,2885334362,"#年轻人恐婚恐育的真正原因是什么#
啥也不是，讲的一堆废话，真的了解国情吗？戏子就是戏子",2023年06月26日 15:40
4916906211675048,2885334362,"#年轻人恐婚恐育的真正原因是什么#
啥也不是，讲的一堆废话，真的了解国情吗？戏子就是戏子",2023年06月26日 15:40
4916902276629422,5575681225,"#年轻人恐婚恐育的真正原因是什么#
如今越来越多的年轻人恐婚恐育，
@袁弘
和
@张歆艺
表示非常理解，结婚后要多一个中心或以对方为中心，幸福的婚姻要双方相互迁就。
你认为年轻人恐婚恐育的真正原因是什么呢？
#中国婚礼#

L
湖南卫视中国婚礼的微博视频",2023年06月26日 15:25
4916901460051781,1650458690,"#年轻人恐婚恐育的真正原因是什么#
？听君一席话，如同一席话，一句也没说到点上
独生子女吃你家大米啦",2023年06月26日 15:22
4916900330474388,7811036863,"【
#你觉得年轻人不想结婚的原因是什么#
】
#年轻人恐婚恐育的真正原因是什么#
民政部最近公布的数据，2022年，中国结婚登记683.3万对，较上一年减少80.3万对，这是民政部自1986年开始公布结婚登记数据以来的历史新低。如同一条抛物线，自2013年达到1346.93万对的顶峰后，中国结婚登记量连续9年下降，终于在2022年跌破700万对。
你觉得年轻人不想结婚的原因是什么",2023年06月26日 15:17
4916900327590375,7811817491,"【
#你觉得年轻人不想结婚的原因是什么#
】
#年轻人恐婚恐育的真正原因是什么#
民政部最近公布的数据，2022年，中国结婚登记683.3万对，较上一年减少80.3万对，这是民政部自1986年开始公布结婚登记数据以来的历史新低。如同一条抛物线，自2013年达到1346.93万对的顶峰后，中国结婚登记量连续9年下降，终于在2022年跌破700万对。
你觉得年轻人不想结婚的原因是什么",2023年06月26日 15:17
4916900327588561,7805314855,"【
#你觉得年轻人不想结婚的原因是什么#
】
#年轻人恐婚恐育的真正原因是什么#
民政部最近公布的数据，2022年，中国结婚登记683.3万对，较上一年减少80.3万对，这是民政部自1986年开始公布结婚登记数据以来的历史新低。如同一条抛物线，自2013年达到1346.93万对的顶峰后，中国结婚登记量连续9年下降，终于在2022年跌破700万对。
你觉得年轻人不想结婚的原因是什么",2023年06月26日 15:17
4916891888387443,5640225661,"#年轻人恐婚恐育的真正原因是什么#
处理不好家庭关系和看不到未来的希望，在教育医疗养老和私有财产都没有相对安全状态的前提下，活着成为了最大的使命。
年轻人不愿意结婚不愿意生孩子我表示尊重理解，别说都不愿意那人类绝种怎么办？
那绝种就该绝种，不能用宏大的扯淡的口号绑架每一个个体，尊重每一个个体的选择每一个个体的幸福，这就是地球上的目的就是人类的目的。至于地球存不存在人类存不存在，在个体的幸福面前毫无意义。",2023年06月26日 14:44
4916890721324568,3841206585,"#为什么许多年轻人不想结婚#
#为什么许多年轻人不想结婚#
民政部最近公布的数据，2022年，中国结婚登记683.3万对，较上一年减少80.3万对，这是民政部自1986年开始公布结婚登记数据以来的历史新低。如同一条抛物线，自2013年达到1346.93万对的顶峰后，中国结婚登记量连续9年下降，终于在2022年跌破700万对。你认为
#年轻人恐婚恐育的真正原因是什么#
？ 为什么年轻人结婚意愿降低了？",2023年06月26日 14:39
4916888498341870,7289324747,"#年轻人恐婚恐育的真正原因是什么#
不自由",2023年06月26日 14:30
4916887064940577,5277082287,"#为什么许多年轻人不想结婚#
民政部最近公布的数据，2022年，中国结婚登记683.3万对，较上一年减少80.3万对，这是民政部自1986年开始公布结婚登记数据以来的历史新低。如同一条抛物线，自2013年达到1346.93万对的顶峰后，中国结婚登记量连续9年下降，终于在2022年跌破700万对。你认为
#年轻人恐婚恐育的真正原因是什么#
？
为什么年轻人结婚意愿降低了？👀",2023年06月26日 14:24
4916885256930155,1958132051,"【调查 | 你会因为什么而决定结婚？】近日，
#年轻人恐婚恐育的真正原因是什么#
引发讨论。做个调查，你会因为什么而决定结婚？顺便在评论区说说，你觉得
#为什么许多年轻人不想结婚#
？

你会因为什么而决定结婚？",2023年06月26日 14:17
4916885256930155,1958132051,"【调查 | 你会因为什么而决定结婚？】近日，
#年轻人恐婚恐育的真正原因是什么#
引发讨论。做个调查，你会因为什么而决定结婚？顺便在评论区说说，你觉得
#为什么许多年轻人不想结婚#
？

你会因为什么而决定结婚？",2023年06月26日 14:17
4916877485412189,5911225126,"#年轻人恐婚恐育的真正原因是什么#
何不食肉糜？",2023年06月26日 13:46
4916875924606028,7228249980,"#年轻人恐婚恐育的真正原因是什么#
在说啥呢？除了独生子女这个问题其实大多数都没有那么多钱去维护所谓的婚姻，尼玛一地鸡毛的东西还要用钱去维护谁撑得住几年呢？
再者，明星赚的钱比我们多多了，不要总是用自己的眼光代表别人，何不食肉糜这种总该明白吧？",2023年06月26日 13:40
4916865237258521,5819306303,"女性“母亲”身份被看到的同时，她们真正的自我也值得被“看到”！
#年轻人恐婚恐育的真正原因是什么#

L
UP青年的微博视频",2023年06月26日 12:58
4916863592827993,1962938153,"#年轻人恐婚恐育的真正原因是什么#
#中国婚礼#

52年前的一分钱
三分可买一根冰棒，
四分可乘一次电车，
一角可以一次春游……",2023年06月26日 12:51
4916860858930390,6028858423,"#年轻人恐婚恐育的真正原因是什么#
真正原因！",2023年06月26日 12:40
4916855728769705,5996008581,"难过的不是结局不够好，而是付出的真诚没有被善待。
——网易云音乐热评《自动弃权》
#年轻人恐婚恐育的真正原因是什么#",2023年06月26日 12:20
4916854676262128,1770025702,"#年轻人恐婚恐育的真正原因是什么#
只有208们天天只需要考虑爱不爱 普通人要考虑经济压力的OK？",2023年06月26日 12:16
4916854475459789,6735651309,"#年轻人恐婚恐育的真正原因是什么#
我不恐 因为我没有结婚这个打算",2023年06月26日 12:15
4916854101904441,3817425468,"#年轻人恐婚恐育的真正原因是什么#
说不到点上，建议别说",2023年06月26日 12:13
4916853865977515,5684225495,"#年轻人恐婚恐育的真正原因是什么#
不想夏天泡厨房，不想洗好多碗，不想领娃",2023年06月26日 12:12
4916853640271131,6374754244,"#年轻人恐婚恐育的真正原因是什么#
因为没钱",2023年06月26日 12:12
4916852541886855,3806782586,"#年轻人恐婚恐育的真正原因是什么#
有翟欣欣之流的存在，结婚率能上去才怪。。
没有结婚证，妥妥的敲诈勒索罪，分分钟抓起来10年起步。
就因为结个婚有个证，差点逃脱法律的制裁，六年才有个结果。。
这毒瘤不除，结婚都有后怕。。",2023年06月26日 12:07
4916852452493594,6693723986,"#年轻人恐婚恐育的真正原因是什么#
没钱吧，毕竟这世界上用钱解决不了的问题几乎没有",2023年06月26日 12:07
4916852326666993,5580493668,"#年轻人恐婚恐育的真正原因是什么#
原因是不想生娃恐育，不想多花钱养娃，带娃恐婚，自己都快养不活了还养孩子

2
武汉",2023年06月26日 12:06
4916852281842897,2795435707,"已婚妇女要记住这三个电话：
1.如果你在经济上有困难，请不起律师，可以拨打12348寻求法律援助。
2.如果你在婚姻中受到伤害，可以打12338，寻求有关部门帮助。
3.如果你遇到了家暴，及时拨打110，并且保管好报警和接警的回执，配合好警察做笔录，这将成为你日后和对方离婚的有力证据。
via律师张大姐  感谢分享[锦鲤附体]
网友讨论~
#年轻人恐婚恐育的真正原因是什么#
，无论如何相关法律知识马住
L
法治四川的微博视频",2023年06月26日 12:06
4916851747848316,7500287602,"#年轻人恐婚恐育的真正原因是什么#
因为看到三次元就能闻到尸臭味",2023年06月26日 12:04
4916850679617498,6606222096,"#年轻人恐婚恐育的真正原因是什么#
额 因为男的烂啊",2023年06月26日 12:00
4916850254943689,5150183098,"#年轻人恐婚恐育的真正原因是什么#
恐病态的社会环境文化氛围式微的前景和漏底的法制啊",2023年06月26日 11:58
4916849953475100,1914650447,"#年轻人恐婚恐育的真正原因是什么#
女生们，下嫁不如当保姆，当保姆至少有钱",2023年06月26日 11:57
4916849638381860,7776214842,"#年轻人恐婚恐育的真正原因是什么#
哎～我不怕迁就对方，不怕投入时间，喜欢小孩，可以做家务，恐婚恐育只是因为经济原因",2023年06月26日 11:56
4916849105964590,5238871503,"#年轻人恐婚恐育的真正原因是什么#
明知故问",2023年06月26日 11:54
4916849034925133,6721386659,"#年轻人恐婚恐育的真正原因是什么#
没钱",2023年06月26日 11:53
4916848941866503,2905305454,"#年轻人恐婚恐育的真正原因是什么#
因为穷，因为不想被束缚 ，因为害怕遇人不淑 ，最害怕的是生娃疼",2023年06月26日 11:53
4916848401056797,7721720565,"#年轻人恐婚恐育的真正原因是什么#
嗯？？这个问题为什么要问已婚已育且不缺钱的人？",2023年06月26日 11:51
4916847625637718,6553723524,"#年轻人恐婚恐育的真正原因是什么#
讨论一下，婚后遇到自己更喜欢的人怎么办？",2023年06月26日 11:48
4916847549351707,6478690004,"#年轻人恐婚恐育的真正原因是什么#
恐婚还是因为怕家暴出轨，看的越多越不敢赌人性。恐育是因为没钱哈哈哈。",2023年06月26日 11:47
4916847285897396,6558403543,"#年轻人恐婚恐育的真正原因是什么#
只有明星这种不为生活压力所发愁的群体才会考虑精神层面的问题。结婚生育的成本太高了，导致人们没机会考虑男女双方是否彼此包容等一系列问题。",2023年06月26日 11:46
4916846929642518,1809511360,"#年轻人恐婚恐育的真正原因是什么#
何来恐惧，成年人的选择而已，自由的成年人有权利作出自己的选择。",2023年06月26日 11:45
4916846686634704,5636091829,"#年轻人恐婚恐育的真正原因是什么#
不结婚，我可能在上学上班，在旅途中，在父母身边。
结了婚，我可能在山下海底，在冰柜里，在下水道里",2023年06月26日 11:44
4916846568670021,1037991651,"#年轻人恐婚恐育的真正原因是什么#
从幼儿园就开始的内卷透支了大多家庭的人力与物力，结婚生娃成本太高！",2023年06月26日 11:43
4916846388055525,5127222742,"#年轻人恐婚恐育的真正原因是什么#
没钱",2023年06月26日 11:43
4916846383861784,6905581501,"著名财经专家叶檀博士因工作劳累过度而患乳腺癌晚期，经救治病情稳定后她自述病中后悔丁克。看视频时我就感觉她丈夫没有照顾她
，今天看到有媒体显示【常居国外的丈夫，除了在叶檀确诊后陪伴了她一周时间，而后就又回美国再没回来过。】丁克男性老了病了都有丁克女性照顾，但丁克女性的晚年就是这个问题无解
。李建群老师患癌住院后，老伴儿陈家林导演同样不知所踪。
#年轻人恐婚恐育的真正原因是什么#

L
清华小滚珠的微博视频",2023年06月26日 11:43
4916846022627825,7599455368,"#年轻人恐婚恐育的真正原因是什么#
我怕男人谋杀",2023年06月26日 11:41
4916845608702181,6747311937,"#年轻人恐婚恐育的真正原因是什么#
家暴十六次的第二次就报警了，结果是什么。就这离都离不掉，谁还敢结啊？",2023年06月26日 11:40
4916845587729032,5855998254,"#年轻人恐婚恐育的真正原因是什么#
啊，srds什么时候能别再说年轻一代是被宠着惯着长大的，现在的生存压力，大环境之类的才是真正原因吧",2023年06月26日 11:40
4916845583272883,5510544196,"#年轻人恐婚恐育的真正原因是什么#
如果激发不了年轻人生育的欲望，只生一胎的家庭会更加艰难！
看2022年国内新生儿数据，一孩，和二孩的比例。二胎的数量，超过了一胎的数量。也就说，那些生育2个孩子以上的家庭，超过了只生一个孩子以上的家庭。这就会导致一个很明显的问题。
过去独生子女是多数，以后独生子女是少数，愿意结婚生孩子的，大部分都是以二胎、三胎为主。以后独生子女的压力会越来越大。不管是从就业，还是到以后的养老，压力都会增加。
当形成这种情况的时候，在各种社会资源的争夺当中，独生子女将要面对对方几个兄弟姐妹抱团的争夺。
简单来说，就是自己的一个孩子，要PK对方2到3个孩子，想想是不是很恐怖！
#生育#",2023年06月26日 11:40
4916845452460152,6022559106,"#年轻人恐婚恐育的真正原因是什么#
现在工作只能温饱 谈什么生育 难道人均富二代？",2023年06月26日 11:39
4916845226233667,5871624700,"#年轻人恐婚恐育的真正原因是什么#
其实是穷，结不起。也不敢生，也不想找个祖宗",2023年06月26日 11:38
4916845197136681,1279292577,"#年轻人恐婚恐育的真正原因是什么#
这事不能说的太细",2023年06月26日 11:38
4916845155192431,5677938858,"#年轻人恐婚恐育的真正原因是什么#
看看图
应该知道了吧",2023年06月26日 11:38
4916845137888682,7514662777,"#年轻人恐婚恐育的真正原因是什么#
我有个不切实际的想法，政府应该大力宣传以及撮合，让城市找不到对象的大龄女青年，对接农村的优质未婚青年，可以全部嫁到农村去。那样既解决了农村单身汉的社会问题，同时又提高了生育率。岂不两全其美？",2023年06月26日 11:38
4916845075237043,7005829885,"#年轻人恐婚恐育的真正原因是什么#
烦死张歆艺了",2023年06月26日 11:37
4916844953863823,7458163810,"#年轻人恐婚恐育的真正原因是什么#
看了电影消失的她，更恐了",2023年06月26日 11:37
4916844841144475,3025433935,"#年轻人恐婚恐育的真正原因是什么#
性别女，不恐婚才更难理解吧",2023年06月26日 11:37
4916844827251202,6082002521,"#年轻人恐婚恐育的真正原因是什么#
一群208的说《理解》是找要骂吗？",2023年06月26日 11:37
4916844664981612,5170277371,"#年轻人恐婚恐育的真正原因是什么#
不自由，还有穷",2023年06月26日 11:36
4916844379767506,7480725003,"#为什么许多年轻人不想结婚#
民政部最近公布的数据，2022年，中国结婚登记683.3万对，较上一年减少80.3万对，这是民政部自1986年开始公布结婚登记数据以来的历史新低。如同一条抛物线，自2013年达到1346.93万对的顶峰后，中国结婚登记量连续9年下降，终于在2022年跌破700万对。你认为
#年轻人恐婚恐育的真正原因是什么#
？
为什么年轻人结婚意愿降低了？👀",2023年06月26日 11:35
4916844354338965,7390308377,"#年轻人恐婚恐育的真正原因是什么#
心里没点数吗？因为穷，因为买不起房消费太高，除了工资低哪哪都高，能养活自己已经很不错了，还怎么养活一个家庭啊",2023年06月26日 11:35
4916844312398050,7168842505,"#年轻人恐婚恐育的真正原因是什么#
因为穷，经历
自己不配对后代负责。",2023年06月26日 11:34
4916844219597348,5788393961,"#年轻人恐婚恐育的真正原因是什么#
一个字穷。",2023年06月26日 11:34
4916844110807095,2241405443,"#那就清华呗#
#年轻人恐婚恐育的真正原因是什么#
建议这两个热搜一起看
户籍制度是隐匿的种姓制度",2023年06月26日 11:34
4916844068345310,1751788655,"#年轻人恐婚恐育的真正原因是什么#
怕负责，怕压力",2023年06月26日 11:33
4916843808032849,6890134358,"#年轻人恐婚恐育的真正原因是什么#
208W也能理解年轻人的难处？搞笑了，安安静静过岁月静好的日子就行了，别一天到晚代替年轻人发声。",2023年06月26日 11:32
4916843804099886,3024483527,"#年轻人恐婚恐育的真正原因是什么#
来自于各方面的压力都有，自己还没活明白，加上未来的不确定性，buff叠加了属于是！没几个年轻人拍胸脯说做好准备了吧！",2023年06月26日 11:32
4916843729652446,3613529400,"#年轻人恐婚恐育的真正原因是什么#
普通人就是因为没钱啊，还能是什么其他高端原因吗",2023年06月26日 11:32
4916843565027244,6017767387,"#年轻人恐婚恐育的真正原因是什么#
没有安全感",2023年06月26日 11:31
4916843503160057,3822176874,"#年轻人恐婚恐育的真正原因是什么#
听208W们说，等同于听砖家放P，一律当作是挑唆民众情绪、破坏组织团结。",2023年06月26日 11:31
4916843313103602,1866239914,"#年轻人恐婚恐育的真正原因是什么#
几岁才算年轻人？像我们70年代的人，23岁大学本科毕业，找到工作，安心工作学习，找到另一半也是有正式工作的，就正常结婚生子，根本不需要家长的自助了，可是现在的小孩，硕士毕业了，即使有一份工作，结婚生子，买房，全都要家里支持。",2023年06月26日 11:30
4916843074813984,5217993538,"#年轻人恐婚恐育的真正原因是什么#
你心里跟明镜一样，还问啥啊？你不知道？",2023年06月26日 11:30
4916842928015868,3166429070,"#年轻人恐婚恐育的真正原因是什么#
在结婚这个事情上受影响最大的是女性，已婚未育女性工作限制多，已婚已育女性只能二选一，要工作就不能顾家庭，顾家庭不能要工作，男性结婚生孩子只用走一步，剩下的99步都是女性去完成的，婚姻法，彩礼法，都是在限制女性权益，女性不能结婚不能用金钱衡量，那只能自己去挣钱，既然什么都需要女性自己承担，那为什么要结婚呢，图啥，图他年龄大不洗澡吗，呵呵，不是每个人的婚姻都是幸福的，虽然我已婚，也过得很幸福，但是就这个环境，我也不会建议其他女孩子盲目的走向婚姻，",2023年06月26日 11:29
4916842764440756,1248458591,"#年轻人恐婚恐育的真正原因是什么#
现在的年轻人年纪不大，已是满怀疲惫，满脸沧桑，什么都经过，什么都明白，什么都不相信，什么都无所谓，结果懒得结，孩子懒得生养，就觉得一个人更好。（荣戈博报）",2023年06月26日 11:28
4916842038560245,5789786840,"#年轻人恐婚恐育的真正原因是什么#
穷",2023年06月26日 11:25
4916841832782131,1740324212,"#年轻人恐婚恐育的真正原因是什么#
身心疲惫",2023年06月26日 11:25
4916841606809476,3612745891,"#年轻人恐婚恐育的真正原因是什么#
#袁弘#

@湖南卫视中国婚礼
（视频来源：湖南卫视中国婚礼，如有侵权联系删除）
L
高青融媒的微博视频",2023年06月26日 11:24
4916840889844540,6824844422,"#年轻人恐婚恐育的真正原因是什么#
婚姻没保障没钱，挣钱钱只够自己花，生育成本，嘉暴会四，瓢虫，出轨，丧夫式婚姻，结婚被打了结婚证就是免死金牌。
🙉🙉",2023年06月26日 11:21
4916840885127403,3871084196,"#年轻人恐婚恐育的真正原因是什么#
我都要活不下去了我还婚育个屁啊",2023年06月26日 11:21
4916840667810957,7765544088,"#年轻人恐婚恐育的真正原因是什么#
一群的208万就别对老百姓指指点点了",2023年06月26日 11:20
4916840575010804,7765544088,"#年轻人恐婚恐育的真正原因是什么#
恐婚不恐育。只是因为国家不允许单身女性享受生育的各种保险政策才不生的",2023年06月26日 11:20
4916840177077887,2017198025,"已婚妇女要记住这三个电话：
1.如果你在经济上有困难，请不起律师，可以拨打12348寻求法律援助。
2.如果你在婚姻中受到伤害，可以打12338，寻求有关部门帮助。
3.如果你遇到了家暴，及时拨打110，并且保管好报警和接警的回执，配合好警察做笔录，这将成为你日后和对方离婚的有力证据。
via律师张大姐  感谢分享[锦鲤附体]
网友讨论~
#年轻人恐婚恐育的真正原因是什么#
，无论如何相关法律知识马住
L
法治四川的微博视频",2023年06月26日 11:18
4916840003798355,7396271799,"#年轻人恐婚恐育的真正原因是什么#
因为女的可以随意被杀凶手还能得到庇护啊，问个屁啊问。",2023年06月26日 11:17
4916839723565766,3846698739,"#年轻人恐婚恐育的真正原因是什么#
“年轻人都是独生子女被宠着长大，习惯了以自己为中心，但是结婚是多了一个中心或者以对方为中心。独生子女希望对方来包容自己，但是没有爱的话，对方没有义务来包容自己。”
好讽刺",2023年06月26日 11:16
4916839693946148,5890194610,"#年轻人恐婚恐育的真正原因是什么#
为了被杀害，犯罪者得到应有的惩罚",2023年06月26日 11:16
4916839606125424,7734651486,"#年轻人恐婚恐育的真正原因是什么#
有没有可能是因为负担太大，还有一些其他原因，但大部分还是真的负担重",2023年06月26日 11:16
4916839509918133,7641608310,"#年轻人恐婚恐育的真正原因是什么#
如今越来越多的年轻人恐婚恐育，
@袁弘
和
@张歆艺
表示非常理解，结婚后要多一个中心或以对方为中心，幸福的婚姻要双方相互迁就。
你认为年轻人恐婚恐育的真正原因是什么呢？
#中国婚礼#

L
湖南卫视中国婚礼的微博视频",2023年06月26日 11:15
4916839505200549,7747564352,"#年轻人恐婚恐育的真正原因是什么#
一个人多好",2023年06月26日 11:15
4916839434158857,5629800910,"#年轻人恐婚恐育的真正原因是什么#
为了活命吧",2023年06月26日 11:15
4916839350011102,5456221876,"#年轻人恐婚恐育的真正原因是什么#
这种话题频繁上热搜。原因是啥？你说原因是啥？？心里没数吗？到底还在问什么呀",2023年06月26日 11:15
4916838376411151,5995092227,"#年轻人恐婚恐育的真正原因是什么#
遇到不合适的人加上社会新闻各种家暴等事件的渲染以及网络呈现的性别对立，抖音恋爱文化等等从而导致的恐婚恐育。在遇到现在的对象以前都蛮恐婚的，现在每天对象都会跟我感叹，生活好幸福。已经不恐婚了。",2023年06月26日 11:11
4916838297502501,6542703802,#年轻人恐婚恐育的真正原因是什么#,2023年06月26日 11:11
4916838260279209,1898910085,"#年轻人恐婚恐育的真正原因是什么#
就是经济压力大，输不起！没力气重新来过！物质基础都解决不了，何谈精神层面焦虑！
如果有个保姆，谁还计较谁带孩子多少？
双方家庭富足，谁计较家庭开支多少？
资源分配公平均匀，谁会为孩子未来担忧？
谁不想家庭美满，天伦之乐？但一想到因为一些经济金钱，一地鸡毛！算了！",2023年06月26日 11:10
4916838146772072,6190950810,"#年轻人恐婚恐育的真正原因是什么#
穷",2023年06月26日 11:10
4916837735992240,5183547871,"
法律超话

法律超话
已婚妇女要记住这三个电话：
1.如果你在经济上有困难，请不起律师，可以拨打12348寻求法律援助。
2.如果你在婚姻中受到伤害，可以打12338，寻求有关部门帮助。
3.如果你遇到了家暴，及时拨打110，并且保管好报警和接警的回执，配合好警察做笔录，这将成为你日后和对方离婚的有力证据。
via律师张大姐  感谢分享[锦鲤附体]
网友讨论~
#年轻人恐婚恐育的真正原因是什么#
，无论如何相关法律知识马住
@礼泉检察
传播法治人人学法

L
黄龙检察的微博视频",2023年06月26日 11:08
4916837286940197,5566882921,"#年轻人恐婚恐育的真正原因是什么#
如今越来越多的年轻人恐婚恐育，
@袁弘
和
@张歆艺
表示非常理解，结婚后要多一个中心或以对方为中心，幸福的婚姻要双方相互迁就。
你认为年轻人恐婚恐育的真正原因是什么呢？
#中国婚礼#

L
湖南卫视中国婚礼的微博视频",2023年06月26日 11:07
4916837219565711,5208125434,"#年轻人恐婚恐育的真正原因是什么#
因为没钱因为累啊，还能为啥",2023年06月26日 11:06
4916836930160517,7731563124,"#年轻人恐婚恐育的真正原因是什么#
难道不是因为没钱没时间吗？",2023年06月26日 11:05
4916836317009558,3904261140,"#年轻人恐婚恐育的真正原因是什么#
208们闭嘴吧",2023年06月26日 11:03
4916836087108712,6824844422,"#年轻人恐婚恐育的真正原因是什么#
独立子女比多子嘉庭更可能结婚。",2023年06月26日 11:02
4916835981465693,7409581639,"#年轻人恐婚恐育的真正原因是什么#
#女子被丈夫家暴16次需终身挂粪袋#
#传播女友隐私是否构成犯罪#
#",2023年06月26日 11:01
4916835495184003,1918305725,"#年轻人恐婚恐育的真正原因是什么#
天价房贷、婚育后失业、对象没有上进心用光花光、担心对象出轨小三上位
不结婚，我就没有这么多忧愁，不过手术签名也是一个麻烦，养老就见一步走一步，反正我很讨厌被约束。",2023年06月26日 10:59
4916835415754798,6878671058,"#年轻人恐婚恐育的真正原因是什么#
自私，就是因为这个，有限时间讨好自己不行么？想摆烂摆烂，想疯嗨疯嗨，生个孩子你试试？摆烂？疯嗨？  男人不结婚不用养家，不用被管，想咋地咋地，不想工作就躺家里，不好？女人不用伺候老公，不用伺候孩子，不好？ 这事没有男女对立之说，都是为了更自由，无可厚非，凭空造一个人，暮年的时候念想几天，却要用一辈子悉心浇灌，值不值？各有看法，人一生只有一次",2023年06月26日 10:59
4916835017823050,6659917603,"#年轻人恐婚恐育的真正原因是什么#
有了结婚证别人打你叫家暴，叫感情纠纷，他出轨有私生子还要回来分你的财产，这是什么绝世大怨种",2023年06月26日 10:58
4916834950974997,3607399694,"#年轻人恐婚恐育的真正原因是什么#
没钱，老一代的人经历战争、粮食关的时候就有钱了？家里不也是十个兄弟姐妹起步？现在和平年代，吃不穷穿不穷，身边没钱的人一天二胎三胎放在家里。不要一天拿经济说事，经济是一个原因，但不是真正的原因、核心的原因，更多是看惯了家暴、出轨、离婚、打官司、气进ICU之类事情太多，就真的懒了，要是说电视上的新闻上的看着图一乐也行，但是一想到有可能发生在自己身边就觉得无比惊悚了。",2023年06月26日 10:57
4916834544124139,3906564923,"
法律超话
已婚妇女要记住这三个电话：
1.如果你在经济上有困难，请不起律师，可以拨打12348寻求法律援助。
2.如果你在婚姻中受到伤害，可以打12338，寻求有关部门帮助。
3.如果你遇到了家暴，及时拨打110，并且保管好报警和接警的回执，配合好警察做笔录，这将成为你日后和对方离婚的有力证据。
via律师张大姐  感谢分享[锦鲤附体]
网友讨论~
#年轻人恐婚恐育的真正原因是什么#
，无论如何相关法律知识马住
@黄龙检察
传播法治人人学法

L
黄龙检察的微博视频",2023年06月26日 10:56
4916834484618295,6178091811,"#年轻人恐婚恐育的真正原因是什么#
不同层级的人有不同的原因，不能一概论之。明星的婚恋观和普通人都不一样，你怎么能说清楚别人不婚不育的原因呢？什么圈子的人说什么话，不要依你心度别人的想法。恐婚恐育是个很大的问题，是系统工程，不是几句话就能说清楚的。社会能做的是正面引导，千万不要责怪，埋怨，更不能乱扣帽子。",2023年06月26日 10:55
4916834111590227,6274084288,"#年轻人恐婚恐育的真正原因是什么#
背后的原因就是美帝及其西方的和平演变",2023年06月26日 10:54
4916833851277742,1400718594,"爱情的很多底层逻辑都扭曲了。。。
#年轻人恐婚恐育的真正原因是什么#
L
千年机遇_智越阶层_财福人生的微博视频",2023年06月26日 10:53
4916833721254707,5040984465,"#年轻人恐婚恐育的真正原因是什么#
劳民伤财的事咱不干，能不结果就不结，一个人非常好",2023年06月26日 10:52
4916833628719206,2393635530,#年轻人恐婚恐育的真正原因是什么#,2023年06月26日 10:52
4916833482182722,1807989184,"因为在这个用金钱衡量一切的时代，美满的婚姻和身心健康的孩子是真正的奢侈品。
#年轻人恐婚恐育的真正原因是什么#",2023年06月26日 10:51
4916833037058825,3310448101,"#年轻人恐婚恐育的真正原因是什么#
让一群养尊处优的明星网红发表个勾八言论，他们懂老百姓的苦？",2023年06月26日 10:50
4916832622086014,6136636125,"#年轻人恐婚恐育的真正原因是什么#
我说明星就别讨论这个话题了吧。你们在那装什么大尾巴狼呢
因为穷 因为穷 因为穷好吗 你们208就别猫哭耗子假慈悲了好吧",2023年06月26日 10:48
4916832559696232,2117690095,"#年轻人恐婚恐育的真正原因是什么#
中新网河北新闻6月25日电 (范熠)6月24日，秦皇岛市海港区举办“山盟海誓 缘定港城”青年联谊交友活动。
近年来，共青团海港区委充分发挥团组织资源优势，着眼青年实际需求，为青年打造联谊交友平台，以广大青年喜闻乐见的方式来增进青年交流互动，真正做到服务青年更精准、联系青年更紧密。(完)",2023年06月26日 10:48
4916832165434095,7477337688,"#年轻人恐婚恐育的真正原因是什么#
看看热一的电影不就懂了 ，谁敢结婚。",2023年06月26日 10:46
4916831976423534,6299452606,"#年轻人恐婚恐育的真正原因是什么#
结婚的成本太高，特别是生孩子后都没办法维持现在的生活水平",2023年06月26日 10:45
4916831687544044,5976415069,"#年轻人恐婚恐育的真正原因是什么#
怕死怕生娃怕失去自我怕被家暴怕出轨怕当不好家长角色最重要的是穷",2023年06月26日 10:44
4916831410719416,7422806367,"#年轻人恐婚恐育的真正原因是什么#
如今越来越多的年轻人恐婚恐育，
@袁弘
和
@张歆艺
表示非常理解，结婚后要多一个中心或以对方为中心，幸福的婚姻要双方相互迁就，大家你认为年轻人恐婚恐育的真正原因是什么呢？
#影视星聚汇#
L
湖南卫视中国婚礼的微博视频",2023年06月26日 10:43
4916831199953498,5262072428,"#年轻人恐婚恐育的真正原因是什么#
不会说可以花点钱请个人给你写个文案背一下，现在打工人写个文案又不贵，非要自以为是发表感想。
原因多了去了，不想结婚身边人却都认为应该结婚觉得不结婚很奇怪这个想法就已经够吓人了。",2023年06月26日 10:42
4916831082775501,6984509577,"#年轻人恐婚恐育的真正原因是什么#
看了下评论，感叹这社会真的太缺爱了。追求爱和自我都能被视为何不食肉糜，婚姻难道只是为了对抗世事艰难？什么叫我有那么多钱我也结婚…",2023年06月26日 10:42
4916831040834512,7637547737,"#年轻人恐婚恐育的真正原因是什么#
有钱我也不生，我自己花不香吗",2023年06月26日 10:42
4916830906876796,3514110305,"#年轻人恐婚恐育的真正原因是什么#
明星们说了避重就轻的话，他们根本不敢说，真正的原因是贫富差距。",2023年06月26日 10:41
4916830889578483,7266879592,"#年轻人恐婚恐育的真正原因是什么#
女性没有保障，家暴没人管，男人出轨，婆媳关系复杂，家务活都是女人做，怀孕影响工作大概就这些吧",2023年06月26日 10:41
4916830856021109,3728526493,"#年轻人恐婚恐育的真正原因是什么#
如今越来越多的年轻人恐婚恐育，
@袁弘
和
@张歆艺
表示非常理解，结婚后要多一个中心或以对方为中心，幸福的婚姻要双方相互迁就。
你认为年轻人恐婚恐育的真正原因是什么呢？
#中国婚礼#

L
湖南卫视中国婚礼的微博视频",2023年06月26日 10:41
4916830797304705,1582556875,"#年轻人恐婚恐育的真正原因是什么#
也不是恐婚 就是觉得有些东西不是必需品 要不要都行！！好好过有自主权的生活 总比当奴隶当老妈子强",2023年06月26日 10:41
4916830760075880,7511966271,"#年轻人恐婚恐育的真正原因是什么#
明星闭嘴，行吗，你们懂个der",2023年06月26日 10:41
4916830752215582,3288120210,"#年轻人恐婚恐育的真正原因是什么#
原因并不是袁弘和张歆艺在节目上说的：年轻人都是独生子女被宠大，习惯自己为中心让人来宠哦，
男人恐婚是假性的，只是不想花钱和被管，
女人恐婚是实实在在恐家暴、恐刑事案件如
#消失的她#
、恐丧偶育儿又伺候老公又要带娃、恐出轨pc、恐生几个孩子就被离婚扫地出门自己做单亲妈妈。
年轻人恐婚恐育原因：",2023年06月26日 10:41
4916830706076022,2261265244,"#年轻人恐婚恐育的真正原因是什么#
难道不是因为穷嘛",2023年06月26日 10:40
4916830528869239,2316579845,"#年轻人恐婚恐育的真正原因是什么#
太麻烦了",2023年06月26日 10:40
4916830390455781,2546024773,"#年轻人恐婚恐育的真正原因是什么#
生存条件太差导致",2023年06月26日 10:39
4916830366335803,3760243765,"#年轻人恐婚恐育的真正原因是什么#
因为穷",2023年06月26日 10:39
4916829980722508,2909733547,"#年轻人恐婚恐育的真正原因是什么#
因为穷",2023年06月26日 10:38
4916829971548150,1669359930,"发布了头条文章：《端午节是赞美好奇心的节日》
#土豆爱好者#

#年轻人恐婚恐育的真正原因是什么#

O
端午节是赞美好奇心的节日",2023年06月26日 10:37
4916829771007473,5453938154,"#年轻人恐婚恐育的真正原因是什么#
其实我并不恐婚，相反我很期待能遇到合适的人一起生活。但是我恐育，因为觉得自己的能力不够，并没有信心能养育好另一个生命。可能是因为我不美好的童年，所以在我没有完全准备好之前，不想随便让宝宝来到这世界，我不想让她经历过一遍我曾经吃过的苦，想给她很多很多的爱和物质。",2023年06月26日 10:37
4916829481076645,3194746404,"#年轻人恐婚恐育的真正原因是什么#
我都恐生娃了",2023年06月26日 10:36
4916829166769414,6461880193,"#年轻人恐婚恐育的真正原因是什么#
某国2018年曾做过一个研究，统计了当地人未婚·已婚·离婚·丧偶男女的平均寿命，得到了几个比较有趣的数据:
-平均寿命最短的是未婚男性：66岁；
-平均寿命第二短的是离婚男性：72岁；
-独身女性（无论是终生未婚（82）还是离婚（81））的平均寿命都比已婚女性（78）要长；
-已婚男性（81）的平均寿命比已婚女性（78）要长。
所以结论是：男性靠婚姻，吸血女性续了命。",2023年06月26日 10:34
4916828231438541,1645752321,"#年轻人恐婚恐育的真正原因是什么#
站在上帝的角度分析的真好，真的是因为简单的以自我为中心吗？采访的人群就是社会极少数，这基数就不对好吗！！！",2023年06月26日 10:31
4916828188706621,1222923185,"#年轻人恐婚恐育的真正原因是什么#
明星艺人偷税漏税的真正原因是什么？",2023年06月26日 10:30
4916827992101458,7721468448,"#年轻人恐婚恐育的真正原因是什么#
他为什么要结婚？
不结婚有什么不好
结婚有什么好呀
除了鸡毛蒜皮和一地鸡毛
还有什么
享受当下的时光不好么，以后   谁知道以后是什么样子？
这个也许就是当下年轻人的心态吧",2023年06月26日 10:30
4916827941242809,5992983750,"#年轻人恐婚恐育的真正原因是什么#
没钱",2023年06月26日 10:29
4916827690108827,6236324179,"#年轻人恐婚恐育的真正原因是什么#
一是穷 二是对生活的将就吧
穷是原罪 结婚花钱 生孩子花钱 养孩子更花钱 将就  没有谁是十全十美的 你看得出来他有很多习惯、性格是你不喜欢的 但还是选择了将就 时间久了 忍不了的麻木了 不喜欢的也就这样了 越来越无趣 越来越压抑
真烦",2023年06月26日 10:28
4916827518666643,5049142386,"#年轻人恐婚恐育的真正原因是什么#
感同身受过父母的不幸。折射给自己的不安全感。没有财力没有感情储备之前不要结婚！",2023年06月26日 10:28
4916827496384551,1208423094,"#年轻人恐婚恐育的真正原因是什么#
婚姻男主外女主内这个架构本身就对男的利大于弊,对女的弊大于利
而安于主内女的不一定会被感恩善待家庭稳定 还可能以不求上进不思进取而遭嫌对
相比嫁娶谁都错的婚,挣钱才是唯一正确的选项",2023年06月26日 10:28
4916827433467984,7487809145,"#年轻人恐婚恐育的真正原因是什么#
因为没钱",2023年06月26日 10:27
4916827123092728,1826753822,"#年轻人恐婚恐育的真正原因是什么#
经济压力太大吧，还有就是总是爆出婚姻不幸福的例子，其实婚姻幸福的也很多，只是大家都看到了不好的",2023年06月26日 10:26
4916826788334136,3603341783,"#年轻人恐婚恐育的真正原因是什么#
真是富人不知穷人的苦，恐婚恐育最根本的原因是没钱。",2023年06月26日 10:25
4916826687671351,6256055689,"#年轻人恐婚恐育的真正原因是什么#
婚姻法都成枷锁啦还结个屁的婚
如果结婚可以给一个男人打女性不用担责，给男人出轨免责、那么为啥要结婚呢？",2023年06月26日 10:24
4916826653856011,6304213745,"#年轻人恐婚恐育的真正原因是什么#
搞笑，一堆明星在讨论年轻人不结婚的原因",2023年06月26日 10:24
4916826645726426,6056645310,"#年轻人恐婚恐育的真正原因是什么#
没钱",2023年06月26日 10:24
4916825186372130,2456149285,"#年轻人恐婚恐育的真正原因是什么#
发现除了父母 只有自己爱自己",2023年06月26日 10:18
4916825056086760,6901071326,"#年轻人恐婚恐育的真正原因是什么#
呦，湖南卫视呀",2023年06月26日 10:18
4916824963550486,1822485307,"#年轻人恐婚恐育的真正原因是什么#
不知道别人，我自己是一方面怕没有足够的经济支撑，也怕生了孩子恢复不好漏尿啊走样啊产后抑郁啊，但是小孩每2小时醒一次你又不能不管，而且女性和男性一样都要工作，也担心另一半会因为小孩和自己变差的脾气磨损感情，最后生活一地鸡毛…",2023年06月26日 10:18
4916824913216985,7332388458,"#年轻人恐婚恐育的真正原因是什么#
请参考《消失的她》！",2023年06月26日 10:17
4916824535466836,7207198620,"#年轻人恐婚恐育的真正原因是什么#
没钱",2023年06月26日 10:16
4916824511351009,7041981081,"#年轻人恐婚恐育的真正原因是什么#
穷，怕自己结婚后更穷",2023年06月26日 10:16
4916824490377616,6120809430,"#年轻人恐婚恐育的真正原因是什么#
怕疼 怕生孩子 怕家暴 怕出轨 啥都怕",2023年06月26日 10:16
4916824363241580,7744707136,"#年轻人恐婚恐育的真正原因是什么#
突然你们就油腻了",2023年06月26日 10:15
4916823625044244,7704193651,"#年轻人恐婚恐育的真正原因是什么#
想结婚也要先有结婚对象，你看看多少人直接卡在找对象这步了？那么人都去哪儿了呢",2023年06月26日 10:12
4916823382297669,6073784466,"#年轻人恐婚恐育的真正原因是什么#
怕死",2023年06月26日 10:11
4916823302079566,2601729851,"#年轻人恐婚恐育的真正原因是什么#
怕死",2023年06月26日 10:11
4916823176776708,2301835877,"#年轻人恐婚恐育的真正原因是什么#
张歆艺 袁弘两口子又开始胡说八道了，他们简单、粗暴地把年轻人恐婚恐育归结于""独生子女""的不包容。真是这样吗?估计百分之百的年轻人都不认同这种言论！
恐婚恐育最大的障碍难道不是年轻人自身的生存压力太大、活的太累，再加养儿育女的成本太高造成的?
你们两口子文化低、不会说人话，可以不发言的！当好你们的208不好吗？",2023年06月26日 10:10
4916823139551269,7158616337,"#年轻人恐婚恐育的真正原因是什么#
因为穷，因为上下班就够累了，自己都养不活拿什么结婚拿什么生孩子，我累死累活养自己都吃力，还要结婚大家一起累死累活吗",2023年06月26日 10:10
4916823030235692,7012575130,"#年轻人恐婚恐育的真正原因是什么#
希望内🐟208能多生点，最好十二个，一轮，拉高生育率，毕竟交了这么多社保，我怕老了拿不到养老金",2023年06月26日 10:10
4916822823931971,6395153939,"#年轻人恐婚恐育的真正原因是什么#
经济压力大 负担不起责任",2023年06月26日 10:09
4916822502018112,1180765535,"#年轻人恐婚恐育的真正原因是什么#
因为穷，想给予最好的却发现自己一无是处，因为负担不了另一个人的人生，只顾自己就已经筋疲力尽了，因为这社会不友好，害怕他遭遇一切让人恶心的，恐惧的，想嘶喊却发不出声音的任何事情。",2023年06月26日 10:08
4916822161492229,7367378403,"#年轻人恐婚恐育的真正原因是什么#
不希望自己成为李木子……我可以去看梵高的星空但我不想去看海底的星空🙏",2023年06月26日 10:06
4916822132392470,6598652332,"#年轻人恐婚恐育的真正原因是什么#
多数都是独生子女家庭的，从小都是爸爸妈妈宠大的，所有寻找的另一半必须是会宠人的那种，才会考虑是否成家",2023年06月26日 10:06
4916822045103746,5506334517,"#年轻人恐婚恐育的真正原因是什么#
年轻人现在恐婚恐孕，中年人呢？不也是在离婚绝育上奔跑嘛！家暴，出轨，经济独立，孩子教育，哪一样不也都在让人想逃离婚姻。不是人们不想找到幸福美满的婚姻，是现在的婚姻环境让人看不到希望。",2023年06月26日 10:06
4916821775353719,5183547871,"已婚妇女要记住这三个电话：
1.如果你在经济上有困难，请不起律师，可以拨打12348寻求法律援助。
2.如果你在婚姻中受到伤害，可以打12338，寻求有关部门帮助。
3.如果你遇到了家暴，及时拨打110，并且保管好报警和接警的回执，配合好警察做笔录，这将成为你日后和对方离婚的有力证据。
via律师张大姐
@法治四川
感谢分享[锦鲤附体]
网友讨论~
#年轻人恐婚恐育的真正原因是什么#
，无论如何相关法律知识马住

法姐讲法超话
#法姐讲法#

L
法治四川的微博视频",2023年06月26日 10:05
4916821378205294,1847129480,"#年轻人恐婚恐育的真正原因是什么#
问就是穷 问就是不想有负担 问就是没有遇到喜欢到愿意躺进婚姻坟墓的人 自己都过不好了 还得拖家带口？ 还要承担伴侣出轨伤害等各种风险
是活着太轻松了吗 还给自己找罪受？",2023年06月26日 10:03
4916821315289510,7155220437,"#年轻人恐婚恐育的真正原因是什么#
主要是穷，没钱",2023年06月26日 10:03
4916820496354194,7488775113,"#年轻人恐婚恐育的真正原因是什么#
因为穷",2023年06月26日 10:00
4916820295814429,1044527073,"#年轻人恐婚恐育的真正原因是什么#
随着社会的发展和时代的变迁，越来越多的年轻人开始表现出恐婚恐育的倾向。这种现象背后的原因是多方面的，其中包括经济、文化和社会方面的因素。
首先，经济因素是年轻人恐婚恐育的主要原因之一。在现代社会中，生活成本越来越高，房价、教育和医疗等方面的负担也越来越大，这使得很多年轻人难以承担起家庭的责任。尽管，现在已经放开了二胎，可很多人在压力之下连一胎都不敢生，这也影响了年轻人的婚育观念。
其次，文化因素也是年轻人恐婚恐育的原因之一。在传统观念中，婚姻和生育是人生的必经之路，但现代社会中，很多年轻人追求自由、独立和个性化，这种思想观念在一定程度上挑战了传统婚姻观念，影响了他们的婚姻意愿。
最后，社会因素也是年轻人恐婚恐育的原因之一。在现代社会中，人们的社交方式越来越多样化，网络和社交媒体等新兴媒体的出现，使得很多年轻人更倾向于通过虚拟途径进行交流和社交，这也影响了他们的婚姻观念。
总的来说，年轻人恐婚恐育的原因是多方面的，而且每个人的情况也不尽相同。但是，我们应该尊重每个人的选择和生活方式，同时也应该为年轻人提供更好的经济、文化和社会环境，让他们能够更自由、更有信心地选择自己的人生道路。",2023年06月26日 09:59
4916820186498174,6537532927,"#年轻人恐婚恐育的真正原因是什么#
先问问“私生子可以继承家产”的原因是什么吧
社会风气这么差
还问为什么？真笑了",2023年06月26日 09:59
4916819648840199,3967920322,"#年轻人恐婚恐育的真正原因是什么#
明星不适合代表普通人意见输出，根本没有参考性，一群不上班不打工卡里剩几千万就是没钱的主",2023年06月26日 09:56
4916818672619142,7596091896,"#年轻人恐婚恐育的真正原因是什么#
因为不结婚被打是伤害走正常程序，结婚了被打就是家暴“罚酒三杯”，有了那个证，保护的不是我。生孩子遭罪担风险的是我。遇见好伴侣更像是一场赌。",2023年06月26日 09:53
4916818395269160,2835215235,"#年轻人恐婚恐育的真正原因是什么#
是这个 妇联回应女子2年被家暴16次
别人恐不恐我不知道，反正我害怕",2023年06月26日 09:51
4916818374300779,1687367547,"#年轻人恐婚恐育的真正原因是什么#
我认为生孩子是一个全面的问题，我和粉丝吃饭都发现不同人不同想法，还包括平时聊天总结的。
有的没有找到合适的对象；
有的担心婆媳关系不好相处没有结婚；
有的忙工作忙加班没有时间结婚生孩子；
有的忙学习没有时间结婚生孩子；
有的这几年身体健康原因没有要孩子；
有的经常出差没有时间生孩子；
有的担心孩子花销比较大所以没有要孩子；
有的不晓得如何培养孩子所以没有要孩子；
有的人觉得没有孩子会更自由自在一些，带孩子没有时间还辛苦；
有的觉得自己收入低不足以把孩子养大，无法保证孩子幸福成长；
有的暂时生不出孩子。。。。。。
有的人忙赚钱或者忙事业没有结婚；
有的人担心婆媳关系有代沟思维差距大没有结婚；
有的周围有人离过婚或者家长经常吵架有阴影；
有的自己离过婚有阴影；
有的担心结婚碰见骗子；
有的觉得结婚财产问题比较复杂；
有的不会谈恋爱，不知道如何开口；
有的身体原因担心影响对方影响孩子健康：
有的价值观一致但性格差距大；
有的性格都外向但思维角度完全不一致所以最后只是朋友没有结婚。。。。。。。
可能还有别的原因。
婚姻是个复杂的问题，两个人在一起需要互相包容，互相帮助，取长补短才可以长久，也需要两个家庭包括家长互相包容不同的爱好和思想观念。
另外有了孩子如果自己工作学习很忙谁来带孩子也是个问题，如果没有钱的人孩子衣食住行学习开销也是问题。
#实况神圣点评#",2023年06月26日 09:51
4916818211243074,2004117465,"#年轻人恐婚恐育的真正原因是什么#
谁让你们当初不让早恋的……",2023年06月26日 09:51
4916818155932803,1815453834,"#年轻人恐婚恐育的真正原因是什么#
没你们明星夫妻想得那么复杂哈，普通年轻人大多数都是因为穷，没钱，没房，也怕遇到z男/女。
这番叽歪有点何不食肉糜那意思",2023年06月26日 09:51
4916817954865403,6307211991,"#年轻人恐婚恐育的真正原因是什么#
别装",2023年06月26日 09:50
4916817532028878,5826365000,"#年轻人恐婚恐育的真正原因是什么#
穷人还结婚的注定这辈子劳累到底，想法不同，我的愿望是早退休，好去享受自己的生活",2023年06月26日 09:48
4916817305275128,6097041746,"#年轻人恐婚恐育的真正原因是什么#
？穷应该是最主要原因。你是啥原因？
2
南京",2023年06月26日 09:47
4916815509327886,2657837537,"
萤火乐园超话
那些
交换过灵魂的人
从来
不曾相互失去过
哪怕渐行渐远
依然是
彼此身上的血肉
依然是
各自心里横着走的人
无可替代
#年轻人恐婚恐育的真正原因是什么#
#心情日记#
#自言自语#

L
ZS水木嘉华的微博视频",2023年06月26日 09:40
4916815287551711,6918437221,"#年轻人恐婚恐育的真正原因是什么#
是我一个人生活不美好了吗？要多爽有多爽！！！",2023年06月26日 09:39
4916814758807154,6630299998,"#年轻人恐婚恐育的真正原因是什么#
一个人爽啊，先爽着先",2023年06月26日 09:37
4916813974996804,3602241084,"#年轻人恐婚恐育的真正原因是什么#
看了看评论很多人说因为怕家暴，怕生育。我想问问都是不谈恋爱直接相亲闪婚的？男方性格怎么样什么的平时相处都看不出来吗？",2023年06月26日 09:34
4916813609568729,7717165852,"#年轻人恐婚恐育的真正原因是什么#
还是怕两个人相处不来，会造成家庭更多的矛盾，这也是年轻人想的比较清楚吧！",2023年06月26日 09:32
4916813152127867,7368438316,"#年轻人恐婚恐育的真正原因是什么#
房都买不起结什么婚",2023年06月26日 09:31
4916811742844910,1169999870,"#年轻人恐婚恐育的真正原因是什么#
恐婚是因为婚姻对女性不公平，恐育是社会没有承担应该承担的责任义务，而家庭无力替社会程度",2023年06月26日 09:25
